{"Accuracy Batch": 1.0, "Loss Batch": 0.0017976181115955114, "Accuracy": 0.959, "Loss": 0.007433517836034298, "_timestamp": 1651219522, "_runtime": 12, "_step": 0, "_wandb": {"runtime": 14}}