{"Accuracy Batch": 0.917, "Loss Batch": 0.00633404403924942, "Accuracy": 0.956, "Loss": 0.00723694171756506, "_timestamp": 1651220035, "_runtime": 9, "_step": 0}