{"Accuracy Batch": 1.0, "Loss Batch": 0.005923561751842499, "Accuracy": 0.96, "Loss": 0.006703417748212814, "_timestamp": 1651218874, "_runtime": 13, "_step": 0, "_wandb": {"runtime": 12}}