{"Accuracy Batch": 1.0, "Loss Batch": 0.0025117541663348675, "Accuracy": 0.956, "Loss": 0.007396652828902006, "_timestamp": 1651219865, "_runtime": 16, "_step": 0, "_wandb": {"runtime": 12}}