{"Accuracy Batch": 1.0, "Loss Batch": 0.004625332076102495, "Accuracy": 0.962, "Loss": 0.006307889241725206, "_timestamp": 1651219290, "_runtime": 11, "_step": 0, "_wandb": {"runtime": 12}}